ID,Type,SKU,Product Link,Name,Published,Is Featured,Visibility in catalog,Regular price,Images,Tax status,In stock?,Stock,Categories,Allow customer reviews,Brand,Color,Model,Model Name,Features,Description
,,,,,,,,,,,,,,,,,,,,
634062,simple,SKU-6UBBXAG5,https://www.ebay.com/itm/384746494923?hash=item5994ad9bcb:g:8fYAAOSwm4hiE2Uv&amdata=enc%3AAQAIAAAAwG66evxT5JykX5vOeQwgq%2B3OoMzCMPESzb8OFdGWfsU5T3WX185JwI34n9%2Bx9jSsvMJaoykV50XtApebS0fSPaHNxsksf3C6X2r5Rt%2BthiPGSOfHonpmgOb3YLEUZzEXec9N09wu3hNLHZMHjuL2mZ1a0eh8Ed3xujK6mXCuqq%2BnnbMwmZiPwsgAGxwWtxoLHLKWmSTPa%2FcWgKYSDaOKqTNFDXa4SpX%2F%2BFEOCuGdWocgXj3PJYJPbHSm2ieoUMA1Tw%3D%3D%7Ctkp%3ABk9SR5ryqsusYw,Set of 40 pcs Car Body/Bumper Push Pin Rivet Retainer Trim Moulding Clip Parts,1,0,visible,3.79,"https://i.ebayimg.com/images/g/8fYAAOSwm4hiE2Uv/s-l140.jpg, https://i.ebayimg.com/images/g/DOcAAOSw8NplLtwK/s-l140.jpg, https://i.ebayimg.com/images/g/AfwAAOSwD-NiE2Uv/s-l140.jpg, https://i.ebayimg.com/images/g/KQEAAOSwXSRiE2Uq/s-l140.jpg, https://i.ebayimg.com/images/g/PHsAAOSwKfNiE2Uv/s-l140.jpg, https://i.ebayimg.com/images/g/TwMAAOSw-21iE2Uq/s-l140.jpg, https://i.ebayimg.com/thumbs/images/g/8fYAAOSwm4hiE2Uv/s-l300.webp, https://i.ebayimg.com/thumbs/images/g/8fYAAOSwm4hiE2Uv/s-l300.webp",taxable,1,28,car parts,1,Unbranded,Black,,,,"<br>7.12 USD7.5 USD<br>5.69 USD5.99 USD<br>3.79 USD3.99 USD<br>Duty For International Buyers<br>Please contact us first if you have any problems/questions/concerns. We will be happy to resolve any issues you may have in a cordial and friendly manner.<br>30X Air Dam Deflector Valance Front Bumper Clips For Chevy Suburban 1500 25005.72 USD6.02 USDFree shipping5%off<br>100PCS Trunk Screw Rivets Set Car Bumper Fender For Plastic Fastener Clips Set<br>6pcs Engine Cover Lower Retainer Pin Screw for Acura Honda CRV Civic Accord<br>Please make sure to provide us with correct   precise and detailed shipping address and correct phone number<br>Expedited Shipping(FedEx/DHL/TNT/UPS): To USA 3-6 Workdays  To other countries 3-8 WorkdaysEconomy Shipping(Post/Airmail/DHL e-commerce): To USA 7-12 Workdays  To United Kingdom & Australia 20-35 Workdays   To other countries 20-50 WorkdaysPlease make sure to provide us with correct   precise and detailed shipping address and correct phone numberOrder will be shipped out within 1 to 3 business days upon payment received or cleared.If you don't receive package over 30 business workdays   please notify us.<br>4PCS fits for BMW E53 X5 2000-2006 51338254781 Window Regulator Guide Clips<br>New 100Pcs Push Type Clips Fits For Honda Acura Part 91505-TM8-003 91505TM80035.69 USD5.99 USDFree shipping5%off<br>Economy Shipping(Post/Airmail/DHL e-commerce): To USA 7-12 Workdays  To United Kingdom & Australia 20-35 Workdays   To other countries 20-50 Workdays<br>1. Please check part photos  part number (OE# of your old part)  part description and compatibility chart above carefully and compare them with your old part to make sure it is what you need.<br>3.99 USD<br>100PCS 8mm Hole Plastic Clip Fender Push in Fastener Rivets Retainer<br>Import duties  taxes and charges are not included in the item price or shipping charges. These charges are the buyer's responsibility.<br>2.99 USD<br>750XCar Retainer Clips Auto Fasteners Push Trim Clips Pin Rivet Bumper Kit21.04 USDFree shipping<br>40x Clips (4 types)<br>You will receive exactly what you see on the picture<br>5%off<br>6pcs Engine Cover Lower Retainer Pin Screw for Acura Honda CRV Civic Accord2.84 USD2.99 USDFree shipping5%off<br>Auto Turbo Wastegate Actuator Rod Clip 06J145220A for Passat CC A3 Q3 Jetta Golf2.8 USD2.95 USDFree shipping5%off<br>2.8 USD2.95 USD<br>2X White Sun Visor Clip 8U0857562A For Audi A3 A4 A5 Q5 A7 B6 B7 B8 S4 S5 New3.7 USD3.9 USDFree shipping5%off<br>5.99 USD<br>4 different sizes 7.5 mm to 10 mm hole size black nylon<br>6.02 USD<br>100PCS Bumper Fender Clip Retainer Fastener Rivet Screw For Auveco A21420<br>100PCS Trunk Screw Rivets Set Car Bumper Fender For Plastic Fastener Clips Set2.84 USD2.99 USDFree shipping5%off<br>Please Note:<br>30X Air Dam Deflector Valance Front Bumper Clips For Chevy Suburban 1500 2500<br>If you don't receive package over 30 business workdays   please notify us.<br>Notes:1.Manual measuring  please allow 1 ~ 3 mm error thank you.2.Because the quantity is determined by a precision instrument weighing please allow about 2% of the number error  please understand thank you!<br>500Pcs Auto Car Body Plastic Push Pin Rivet Fasteners Trim Panel Moulding Clip<br>100PCS Bumper Fender Clip Retainer Fastener Rivet Screw For Auveco A214204.74 USD4.99 USDFree shipping5%off<br>2.84 USD2.99 USD<br>Customer satisfaction is our top goal.If product is defective or damage upon arrival  or wrong product shipped  please contact us immediately. Returns accepted within 30 workdays of delivery date and item must be in original new condition  not worn or altered in any way with attached tags & wrap. Otherwise deal is final. Return shipping must be paid by buyer.Please contact us first if you have any problems/questions/concerns. We will be happy to resolve any issues you may have in a cordial and friendly manner.<br>Free shipping<br>750XCar Retainer Clips Auto Fasteners Push Trim Clips Pin Rivet Bumper Kit<br>100PCS 8mm Hole Plastic Clip Fender Push in Fastener Rivets Retainer2.84 USD2.99 USDFree shipping5%off<br>5.72 USD6.02 USD<br>2X White Sun Visor Clip 8U0857562A For Audi A3 A4 A5 Q5 A7 B6 B7 B8 S4 S5 New<br>2.95 USD<br>4.7 USD4.95 USD<br>Cars good accessory  used by many manufacturers to hold all pieces of trim and upholstery including carpet  door cards  roof lining  engine covers  landing panels  boot linings  wheel arch linings etc.<br>Condition:100% Brand NewDurable nylon plastic rivet fasteners;<br>Package list<br>100PCS 8mm Hole Car Plastic Clips Body Retainer Hood Fender Fastener Rivets<br>4.99 USD<br>40pcs in total;<br>21.04 USD<br>3.9 USD<br>3.7 USD3.9 USD<br>Specification<br>We will reply every message and solve the problem within 24 hours (except holiday). If you have any problem or concerns whatever with your order or products  please mail us and give us a chance to assist you before leaving any feedback. We maintain high standards of excellence POSTIVE FEEDBACK and strive for 100% customer satisfaction! Feedback is very important to us. We request that you contact us immediately BEFORE you give us neutral or negative feedback  so that we can satisfactorily address your concern.<br>Please make sure the interchange part number matches the part you are replacing.<br>Feedback & Contact US<br>7.5 USD<br>Please Note:1. Please check part photos  part number (OE# of your old part)  part description and compatibility chart above carefully and compare them with your old part to make sure it is what you need.2. Any questions please contact us by clicking ""ask a question"" at the bottom of this page or click ""contact seller"" in the ""purchase history"".SpecificationCondition:100% Brand NewDurable nylon plastic rivet fasteners;40pcs in total;4 different sizes 7.5 mm to 10 mm hole size black nylonCompatibilityPlease make sure the interchange part number matches the part you are replacing.Please check our photos and make sure the part shown looks identical to your stock one.Type1---10pcs--9mm/0.35inch----18mm/0.71inch---28mm/1.1inchType2---10pcs--8mm/0.31inch----20mm/0.79inch--20mm/0.79inchType3---10pcs--10mm/0.39inch--20mm/0.79inch---13mm/ 0.51inchType4---10pcs--7.5mm/0.3inch--19.6mm/0.77inch--9.5mm/0.37inch4 Type plastic rivets for your choiceCars good accessory  used by many manufacturers to hold all pieces of trim and upholstery including carpet  door cards  roof lining  engine covers  landing panels  boot linings  wheel arch linings etc.Notes:1.Manual measuring  please allow 1 ~ 3 mm error thank you.2.Because the quantity is determined by a precision instrument weighing please allow about 2% of the number error  please understand thank you!Package list40x Clips (4 types)You will receive exactly what you see on the picture<br>Auto Turbo Wastegate Actuator Rod Clip 06J145220A for Passat CC A3 Q3 Jetta Golf<br>Order will be shipped out within 1 to 3 business days upon payment received or cleared.<br>Please check our photos and make sure the part shown looks identical to your stock one.<br>6pcs Engine Cover Lower Retainer Pin Screw for Acura Honda CRV Civic Accord2.84 USD2.99 USDFree shipping5%off100PCS Trunk Screw Rivets Set Car Bumper Fender For Plastic Fastener Clips Set2.84 USD2.99 USDFree shipping5%off100PCS 8mm Hole Plastic Clip Fender Push in Fastener Rivets Retainer2.84 USD2.99 USDFree shipping5%offNew 100Pcs Push Type Clips Fits For Honda Acura Part 91505-TM8-003 91505TM80035.69 USD5.99 USDFree shipping5%off500Pcs Auto Car Body Plastic Push Pin Rivet Fasteners Trim Panel Moulding Clip7.12 USD7.5 USDFree shipping5%off100PCS 8mm Hole Car Plastic Clips Body Retainer Hood Fender Fastener Rivets3.79 USD3.99 USDFree shipping5%offAuto Turbo Wastegate Actuator Rod Clip 06J145220A for Passat CC A3 Q3 Jetta Golf2.8 USD2.95 USDFree shipping5%off750XCar Retainer Clips Auto Fasteners Push Trim Clips Pin Rivet Bumper Kit21.04 USDFree shipping4PCS fits for BMW E53 X5 2000-2006 51338254781 Window Regulator Guide Clips4.7 USD4.95 USDFree shipping5%off100PCS Bumper Fender Clip Retainer Fastener Rivet Screw For Auveco A214204.74 USD4.99 USDFree shipping5%off2X White Sun Visor Clip 8U0857562A For Audi A3 A4 A5 Q5 A7 B6 B7 B8 S4 S5 New3.7 USD3.9 USDFree shipping5%off30X Air Dam Deflector Valance Front Bumper Clips For Chevy Suburban 1500 25005.72 USD6.02 USDFree shipping5%off<br>Returns Policy<br>Type1---10pcs--9mm/0.35inch----18mm/0.71inch---28mm/1.1inchType2---10pcs--8mm/0.31inch----20mm/0.79inch--20mm/0.79inchType3---10pcs--10mm/0.39inch--20mm/0.79inch---13mm/ 0.51inchType4---10pcs--7.5mm/0.3inch--19.6mm/0.77inch--9.5mm/0.37inch4 Type plastic rivets for your choice<br>If product is defective or damage upon arrival  or wrong product shipped  please contact us immediately. Returns accepted within 30 workdays of delivery date and item must be in original new condition  not worn or altered in any way with attached tags & wrap. Otherwise deal is final. Return shipping must be paid by buyer.<br>Compatibility<br>You may also like<br>Expedited Shipping(FedEx/DHL/TNT/UPS): To USA 3-6 Workdays  To other countries 3-8 Workdays<br>2. Any questions please contact us by clicking ""ask a question"" at the bottom of this page or click ""contact seller"" in the ""purchase history"".<br>New 100Pcs Push Type Clips Fits For Honda Acura Part 91505-TM8-003 91505TM8003<br>4PCS fits for BMW E53 X5 2000-2006 51338254781 Window Regulator Guide Clips4.7 USD4.95 USDFree shipping5%off<br>On Feb-21-22 at 02:21:08 PST  seller added the following information:<br>4.74 USD4.99 USD<br>500Pcs Auto Car Body Plastic Push Pin Rivet Fasteners Trim Panel Moulding Clip7.12 USD7.5 USDFree shipping5%off<br>Shipping Policy<br>Customer satisfaction is our top goal.<br>100PCS 8mm Hole Car Plastic Clips Body Retainer Hood Fender Fastener Rivets3.79 USD3.99 USDFree shipping5%off<br>4.95 USD"
404583,simple,SKU-OK55IGKD,https://www.ebay.com/itm/373234320363?hash=item56e67fc3eb:g:vTEAAOSwrgVfbYn5&amdata=enc%3AAQAIAAAAwEUGGO0OooKLmD5jeRtkx3Doguixk406Ge0pgMT%2Fws6w0%2FSu2Tjcxis5eXYHdAfvNGQts9J4%2BE0LWMQh0MMwfxHvTYXjNpx9szGoj5qDf0w1lrBtRd2Z%2B5%2BWWAdrKn2vESVBFNlYhOVIp8p4o%2FLUVFdF9DRyuayjBPnrDn9oQuwlChBqxabMATOFufwYQvpqn8iCXJU%2BELFWRDP%2F6UsC6CewjU6KHCTeQbNGGmx51OsoRwjPmSZm5IjoLGZifglvhw%3D%3D%7Ctkp%3ABk9SR5ryqsusYw,[SILVER] Non-Slip Automatic Gas Brake Foot Pedal Pad Cover Car Accessories Parts,1,0,visible,11.99,"https://i.ebayimg.com/images/g/vTEAAOSwrgVfbYn5/s-l140.webp, https://i.ebayimg.com/images/g/DOcAAOSw8NplLtwK/s-l140.webp, https://i.ebayimg.com/images/g/zyoAAOSwOb5fbYn6/s-l140.webp, https://i.ebayimg.com/images/g/JTwAAOSwSyBfbYn6/s-l140.webp, https://i.ebayimg.com/images/g/6e0AAOSwW15fbYn7/s-l140.webp, https://i.ebayimg.com/images/g/KCwAAOSwfQlfbYn8/s-l140.webp, https://i.ebayimg.com/images/g/vTEAAOSwrgVfbYn5/s-l500.webp, https://i.ebayimg.com/images/g/vTEAAOSwrgVfbYn5/s-l500.webp",taxable,1,14,car parts,1,OXILAM,Silver,,,,"<br>You do not receive the item<br>SpecificationType:Throttle Pedal and Brake PedalMaterial:Aluminum alloy + PVCColor:SilverAccelerator Cover Size:150x80mm / 5.9x3.2""<br>Which bulbs are used in my vehicle?<br>Flickering Issue: This happens when your vehicle does not recognize the new headlights installed. When turning the headlights on  the vehicle's computer does not understand the signal back from the headlights hence thinking they are still off. This triggers the headlight flickering effect. The warning canceller solves this issue.<br>Compared with HID bulbs  LED bulbs Light up instantly  no warm up period<br>If you have problems with the above issue  please Contact Us immediately !<br>Sylvania automotive lamp replacemnt guide<br>Feature:<br>Item can not reach your expectation<br>You do not satisfy the item qualityItem do not fit your vehicle perfectItem can not reach your expectationThe item arrived be brokenYou do not receive the itemParcel LostReceive the wrong itemIf you have problems with the above issue  please Contact Us immediately !<br>(1) We will ship your item(s) within 24 hours.<br>Feature:100% Brand New and High QualityNon-slip surface design  safe for driving and reduce foot fatigueBest fitting  Easy to install. No modification requiredMaterial: Aluminium alloy + PVCPacking with installation is behind  fixed way for screw.Seven words clip attached to the original of the pedal car fixed  need not drilling  convenient installation  most models applicableMake you more easily manipulated to pedal  increase the contact area pedal  for driving adds a comfortable safety car more easilyHigh toughness pedal in middle  lateral high elastic tape set prevent slippery  can strengthen the foot pedal and the friction coefficient  prevent slippery effect super good  arc curvature design  to ensure safety<br>You do not satisfy the item quality<br>If you have emailed us for a refund  once we have approved it  after 60 days your money will be refunded. The estimated time for the refund to appear in your account is based on the payment method you use. Paypal is the only supported in NIGHTEYE Store. Please notify us within 30 days after you've received your purchased item.<br>NOTE:Buyers pay for the return shipping fee.<br>(2).We maintain high standards of excellenceandstrive for 100% customer satisfaction!Feedback is very important to us. We request that you contact us immediately BEFORE you give us neutralor negativefeedback  so that we can satisfactorily address your concerns.<br>Bulb Out Dashboard Error: On some vehicles  the dashboard will report as if you have a headlight bulb missing or burnt. It does not affect the headlights functioning  but the light on-dash will be on. The warning canceller fixes the issue.<br>Why swith to LED?<br>1x Set Car Foot Pedal(2 Pcs)<br>(3).Payment should be made within 4 days once you won a item  or ebay will launch Unpaid Reminder agaist you and there will be bad record on your ebay account .<br>Brake Cover Size:130x85mm / 5.1x3.4""<br>The item arrived be broken<br>Longer lifespan than HID and halogen bulbs<br>Some vehicles with cmplex internal computers(such as Audi BMW Jaguar Mercedes etc.) might report on-dash errors or flickering on the headlights. The warning canceller fixes the dashboard warning and flickering effect.<br>(2) We ship this item to US only via USPS first class mail. It usually takes 3-6 working days to deliver.<br>(1).We only acceptPayPalpayment  should be received within 3 days from the date of purchase.<br>Very low and efficient energy consumption than halogen bulbs & HID Bulbs<br>CheckSylvania automotive lamp replacemnt guide  you can select the year  make  and model of your vehicle  then select the application you want to replace or upgrade from stock.<br>Specification<br>Package included：<br>Items to be returned must be in resalable condition  for example:<br>(1).Negative feedback will not help resolve any problems you have  please contact us via eBay messages before leaving negative feedback  our customer service will make best effort to help you with the issues.<br>Light can be controlled easily in color and intensity<br>Low voltage protection  high precision constant current driver chip<br>Parcel Lost<br>[Our office hours are MONDAY - Saturday 9:00PM - 6:00PM PST  but we will response you once we get your message .There will be some delay on respons if you send message or E-Mail on Sundy.]<br>All return requests must be submitted through your eBay account.<br>How Long Will It Take to Receive My Refund?<br>What does CAN Bus mean?<br>Easy to install a LED headlight conversion kit<br>Receive the wrong item<br>Item do not fit your vehicle perfect<br>LEDs not only give your vehicle a clean  modern look but  with proper use  will outlast any halogen bulb and HID bulb! Low energy draw  high lumen output  and instant on/off LED technology out shines stock bulbs in every way.<br>On Jul 10  2022 at 23:16:11 PDT  seller added the following information:<br>NOTE:<br>LED Advantages:<br>(2).Please keep the consistency of Paypal address and ebay address.<br>CAN Bus means Controller Area Network Bus. This system monitors your vehicle and reports operating conditions. CAN Bus systems are commonly found in European vehicles such as BMW  Audi  Mercedes  Volkswagen  Porsche  and in many American vehicles. While most late model American vehicles have CAN Bus systems  it is always good to check with your vehicle dealer to see which system your vehicle has before purchasing electrical products.<br>PayPal<br>When do you need Warning Canceller?"
50249,simple,SKU-9ZUJ8P4S,https://www.ebay.com/itm/144086971079?hash=item218c40b2c7:g:wBcAAOSwjkphASKs&amdata=enc%3AAQAIAAAAwPMFuhfj74s8qJcR3iNz4osWq6j01gzemm3PLkRxPwV82guq0K%2BGLZh3TnBg4wH0YTX4cVeot8L1u%2B9eHL5wEdRAIZX4pM7WyU2OTCQ2XHyaJPgYwVGBce6q%2BLffz7T8QUeHx5ZbOryz1rbhRIObT%2FxocW%2BSueoVoL7xpzYW0lnVRwkjLCq4wNRm3DDMCNb8Ssb0FUFZWbjG0%2B4dJjPhCjpA2ZWBYwNsgKDce8E9NS73bJ4YdQfv5K7V6xiBMiLUXQ%3D%3D%7Ctkp%3ABk9SR5ryqsusYw,4X Universal Black Car Mud Flaps Splash Guards For Car Auto Accessories Parts,1,0,visible,24.99,"https://i.ebayimg.com/images/g/wBcAAOSwjkphASKs/s-l140.webp, https://i.ebayimg.com/images/g/DOcAAOSw8NplLtwK/s-l140.webp, https://i.ebayimg.com/images/g/iE8AAOSwDSBhASKu/s-l140.webp, https://i.ebayimg.com/images/g/g-EAAOSwcgdhASKw/s-l140.webp, https://i.ebayimg.com/images/g/LvUAAOSwKThhASKx/s-l140.webp, https://i.ebayimg.com/images/g/UWMAAOSwlChhASKz/s-l140.webp, https://i.ebayimg.com/thumbs/images/g/wBcAAOSwjkphASKs/s-l300.webp, https://i.ebayimg.com/thumbs/images/g/wBcAAOSwjkphASKs/s-l300.webp",taxable,1,45,car parts,1,AUXITO,Black,,,,<br>4.These tough-wearing mud guards seamlessly blend with the vehicles styling and minimise the risk of dirt <br>8X Screws<br>2002 Mercury Grand<br>2020 VW Eos Lux<br>Saturday<br>NOTE：<br>Feature:<br>Note: Because the material of this product is flexible  if this product is not suitable for your car  you can cutting it or drilling some new hole to fit for your car.<br>Made of EVA Plastic to be rigid and paintable.<br>3. Refund will be sent after we got your returned package.<br>2021 Volkswagen Tiguan<br>Note: Because the material of this product is flexible  if this product is not suitable for your car  you can cutting it or drilling some new hole to fit for your car.Feature:1.Premium grade plastic to withstand heavy wear and tear so it can protect your car from mud  dirt  gravel  salt  and more2.GREAT LOOK at a GREAT PRICE they are strong and durable enough for tough weather.3.Deluxe Molded Splash Guards provide excellent lower body protection and accent the vehicle styling.Made of EVA Plastic to be rigid and paintable.They are molded to the contours of the vehicle for a custom fit.<br>VEHICLES ALTERNATIVELY YOU MAY NEED TO TRIM THEM TO FIT CERTAIN VEHICLES ！<br>1997 Toyota Camry<br>road debris and stone chips flying up from the Front and rear tyres.<br>so it can protect your car from mud  dirt  gravel  salt  and more<br>Note:Because the material of this product is flexible  if this product is not suitable for your car  you can cutting it or drilling some new hole to fit for your car.<br>Package include:<br>2020 Subaru Outback<br>We work from Monday -Saturday9:00AM - 6:00PM PST  but we will reply you once we get your message .There will be some delay on response if you send message or E-Mail on Sunday.<br>2. Please keep the consistency of Paypal address and ebay address.<br>4X Mud guards<br>2018 Ford Focus<br>All rights reserved.<br>2.GREAT LOOK at a GREAT PRICE they are strong and durable enough for tough weather.<br>2021 Kia Forte<br>3.Deluxe Molded Splash Guards provide excellent lower body protection and accent the vehicle styling.<br>THESE ARE UNIVERSAL MUD FLAPS SO YOU MAY NOT BE A PERFECT FIT ON SOME<br>2. Please contact us within 30 days from the date you receive your package if you have any questions with the products .<br>1. We can only accept payment from PayPal.2. Please keep the consistency of Paypal address and ebay address.<br>1. We can only accept payment from PayPal.<br>They are molded to the contours of the vehicle for a custom fit.<br>Provide additional protection whilst enhancing the sporty exterior of your vehicle.<br>2020 Kia Niro<br>Saturday9:00AM - 6:00PM PST  but we will reply you once we get your message .There will be some delay on response if you send message or E-Mail on Sunday.<br>1.Premium grade plastic to withstand heavy wear and tear <br>2015 Volvo XC70<br>2016 Lexus IS200t F<br>On Jul 17  2022 at 20:50:45 PDT  seller added the following information:<br>2. We ship this item to US only via USPS first class mail. It usually takes 3-5 working days to deliver.<br>1. We offer 30 days return policy.<br>2009 Scion xB<br>1X Z-shaped screwdriver<br>1995 Toyota T100<br>1. We offer 30 days return policy.2. Please contact us within 30 days from the date you receive your package if you have any questions with the products .3. Refund will be sent after we got your returned package.4. All returned items should be in the original packaging with tracking number.<br>1. All items will be shipped in 48 hours after receiving your payment .<br>This Models Need to Trim This Item to Fit Certain Car:<br>1. All items will be shipped in 48 hours after receiving your payment .2. We ship this item to US only via USPS first class mail. It usually takes 3-5 working days to deliver.<br>4. All returned items should be in the original packaging with tracking number.
140610,simple,SKU-TSGRKD8O,https://www.ebay.com/itm/354994921665?hash=item52a758a0c1:g:CGEAAOSwZppk5XXg&amdata=enc%3AAQAIAAAA4A%2BiDHxD3uxKDjGnzCdzDmgVmzhBStd4e2mpOCksNIqDnIklRFPm880YceKX2Lz0W4K9nOtNXuTUh1BPtyeKRsFS1%2Fy8Qk413HOWDL4PypQUwKG6hjxrefKKwg%2BiKA9uWrBP5RGow2hPgPRwnHeZGGKq7O02mfHEpR7XPxWBS9%2BV6XkYdcNtE1p%2BsmMBDpmYef0oZ4FJsqdh%2F%2FfWCWAactYknYM7grmi7WUzgKXruedRX8bCmkvOyQngN25GGK97XVeob1ubCHG%2BW8mzSm2Iu95DWX84iCZVFGL2dQwtqyJs%7Ctkp%3ABk9SR5ryqsusYw,Invisible Car Engine Ignition Start Stop Button Sticker Cover Film Accessories,1,0,visible,2.43,"https://i.ebayimg.com/images/g/CGEAAOSwZppk5XXg/s-l140.webp, https://i.ebayimg.com/images/g/V54AAOSw82Zk5XXh/s-l140.webp, https://i.ebayimg.com/images/g/W1sAAOSwoOdk5XXh/s-l140.webp, https://i.ebayimg.com/images/g/6E8AAOSwV3Nk5XXi/s-l140.webp, https://i.ebayimg.com/images/g/kgYAAOSwiqRk5XXh/s-l140.webp, https://i.ebayimg.com/images/g/9tcAAOSwKHdk5XXi/s-l140.webp, https://i.ebayimg.com/thumbs/images/g/CGEAAOSwZppk5XXg/s-l300.webp, https://i.ebayimg.com/thumbs/images/g/CGEAAOSwZppk5XXg/s-l300.webp",taxable,1,31,car parts,1,Unbranded,,,,,"<br>4× Clear Car Door Handle Film Protective Scratches Protector Sticker Accessories<br>Invisible Car Engine Ignition Start Stop Button Sticker Cover Film Accessories2.43 CADFree shipping<br>Invisible Car Engine Ignition Start Stop Button Sticker Cover Film Accessories2.43 CADFree shippingNatural Citrine Yellow Hair Crystal Rutilated Quartz Polished Healing Stone2.35 CADFree shippingCar Door Window Switch Luminous Sticker Car Sticker Night Safety Accessories2.64 CADFree shippingFunny Sticker Peeking Red Eyes Monster Car Bumper Window Vinyl Decal Accessories2.60 CADFree shippingDual USB Ports 3.1A 12V/24V Car Cigarette Charger Lighter Digital LED Voltmeter3.66 CADFree shipping5pcs Invisible Car Door Handle Films Scratch Protector Sticker Car Accessories3.92 CADFree shipping4× Clear Car Door Handle Film Protective Scratches Protector Sticker Accessories2.43 CADFree shipping<br>Funny Wifi Battery Level Signal Reflective Car Sticker Vinyl Decal Accessories1.96 CADFree shipping<br>Therefore    please be sure that    buyer will be       
able   to clear payment through PayPal   before   bidding or  buying.<br>2.43 CAD<br>Car Door Window Switch Luminous Sticker Car Sticker Night Safety Accessories2.64 CADFree shipping<br>4× Clear Car Door Handle Film Protective Scratches Protector Sticker Accessories2.43 CADFree shipping<br>4x Transparent Car Door Edge Guard Anti-Scratch Protector Stickers Accessories2.52 CADFree shipping<br>1.96 CAD<br>Invisible Car Engine Ignition Start Stop Button Sticker Cover Film AccessoriesInvisible Car Engine Ignition Start Stop Button Sticker Cover Film Accessories2.43 CADFree shippingNatural Citrine Yellow Hair Crystal Rutilated Quartz Polished Healing Stone2.35 CADFree shippingCar Door Window Switch Luminous Sticker Car Sticker Night Safety Accessories2.64 CADFree shippingFunny Sticker Peeking Red Eyes Monster Car Bumper Window Vinyl Decal Accessories2.60 CADFree shippingDual USB Ports 3.1A 12V/24V Car Cigarette Charger Lighter Digital LED Voltmeter3.66 CADFree shipping5pcs Invisible Car Door Handle Films Scratch Protector Sticker Car Accessories3.92 CADFree shipping4× Clear Car Door Handle Film Protective Scratches Protector Sticker Accessories2.43 CADFree shippingBlack Auto Body Edge Elastic Net Storage Phone Holder Car Interior Accessories4.96 CADFree shipping4x Transparent Car Door Edge Guard Anti-Scratch Protector Stickers Accessories2.52 CADFree shippingStainless Steel Money Clip Silver Metal Pocket Holder Wallet Credit Card Holder2.87 CADFree shippingFunny Wifi Battery Level Signal Reflective Car Sticker Vinyl Decal Accessories1.96 CADFree shipping2pcs Limited Edition Logo Car 3D Sticker Emblem Badge Decal Trim Accessories2.08 CADFree shippingCarbon Fiber SPORT Logo Car Sticker Emblem Badge Bumper Trunk Decal Accessories3.16 CADFree shipping4pcs Red Reflective Tape Decal Warning Safety Mark Car Door Stickers Accessories1.95 CADFree shippingWe will carefully test every item before shipment.The quality is guaranteed!100% Brand New & High QualityType: Push Button FilmMaterial: TPUColor: ClearSize: as picture shownQuantity: 1PcWe acceptPayPal ONLY. It is easy              and safe.PayPal allows you to pay by credit  cards        debit       cards  bank transfers and PayPal account        balances.We    apologize    that we cannot accept other        payment methods like check or    postal    orders.E-check will        be held until    cleared.If you do    not have PayPal        account  please sign up    and learn more about PayPal at           www.paypal.com.Item will be    shipped to PayPal shipping          address  only except special notes from      buyers.Otherwise 
        Unpaid Item  dispute will be filed to    eBay   for non-paying  
buyers    and    this will cause  buyer's eBay   account         
suspended.Therefore    please be sure that    buyer will be       
able   to clear payment through PayPal   before   bidding or  buying.Item will be shipped within 1-3 working          
    days after full payment is received. You should receive item     
within   3-5 weeks. Email us if not receive        items after 30     
working days   after full payment        sent.To USA                                                                              7-15 business   daysTo Australia and  UK                                                    15-25 business    daysTo       Canada                                                                20-35       business   daysSouth America  Russia and    other   countries          25-40   business daysShipment
  may  influenced  by  the weather  /  custom /holidays and other   
uncertainties. If it is   delayed  the item   may reach some more days  
 later than the estimate   delivery date. But we   will try our best to 
  ensure the items reach   soon.Refund or replacement request is available only the requests within 1 week after parcel received & returning the item as the same condition as received.Please contact us to request a return authorization. Your name  auction number  and reason for return should be included in the email. All items returned must contain all original packaging materials.Please repack the item carefully. Items returned will be tested and a new replacement will be shipped to the buyer immediately when found defective. In the event that a suitable replacement is not available then a refund will be issued. Shipping  handling and insurance fees are non refundable.If the item is found non-defective  the item will be sent back to the buyer at buyer's expense. Items returned without RMA number will be refused and returned to the sender. Buyer is responsible for All Return Postage and Shipping Charges. Buyer is responsible for additional shipping costs for items that are returned refused and/or undeliverable. We do not accept any returns without an authorization number on the box or label it is being returned in.Our office hours are8:00 a.m to 5:00 p.m(GMT +8) ofMonday to Saturday.And our Office is closed on Sunday and public holidays.We apologize for the late reply during the holidays.<br>Monday to Saturday<br>We will carefully test every item before shipment.<br>Car Door Window Switch Luminous Sticker Car Sticker Night Safety Accessories<br>Black Auto Body Edge Elastic Net Storage Phone Holder Car Interior Accessories4.96 CADFree shipping4x Transparent Car Door Edge Guard Anti-Scratch Protector Stickers Accessories2.52 CADFree shippingStainless Steel Money Clip Silver Metal Pocket Holder Wallet Credit Card Holder2.87 CADFree shippingFunny Wifi Battery Level Signal Reflective Car Sticker Vinyl Decal Accessories1.96 CADFree shipping2pcs Limited Edition Logo Car 3D Sticker Emblem Badge Decal Trim Accessories2.08 CADFree shippingCarbon Fiber SPORT Logo Car Sticker Emblem Badge Bumper Trunk Decal Accessories3.16 CADFree shipping4pcs Red Reflective Tape Decal Warning Safety Mark Car Door Stickers Accessories1.95 CADFree shipping<br>2.52 CAD<br>The quality is guaranteed!<br>Natural Citrine Yellow Hair Crystal Rutilated Quartz Polished Healing Stone2.35 CADFree shipping<br>Stainless Steel Money Clip Silver Metal Pocket Holder Wallet Credit Card Holder<br>Color: Clear<br>Please contact us to request a return authorization. Your name  auction number  and reason for return should be included in the email. All items returned must contain all original packaging materials.<br>Quantity: 1Pc<br>2pcs Limited Edition Logo Car 3D Sticker Emblem Badge Decal Trim Accessories<br>2.60 CAD<br>Our office hours are8:00 a.m to 5:00 p.m(GMT +8) ofMonday to Saturday.And our Office is closed on Sunday and public holidays.We apologize for the late reply during the holidays.<br>Material: TPU<br>Natural Citrine Yellow Hair Crystal Rutilated Quartz Polished Healing Stone<br>Funny Sticker Peeking Red Eyes Monster Car Bumper Window Vinyl Decal Accessories2.60 CADFree shipping<br>Invisible Car Engine Ignition Start Stop Button Sticker Cover Film Accessories2.43 CADFree shippingNatural Citrine Yellow Hair Crystal Rutilated Quartz Polished Healing Stone2.35 CADFree shippingCar Door Window Switch Luminous Sticker Car Sticker Night Safety Accessories2.64 CADFree shippingFunny Sticker Peeking Red Eyes Monster Car Bumper Window Vinyl Decal Accessories2.60 CADFree shippingDual USB Ports 3.1A 12V/24V Car Cigarette Charger Lighter Digital LED Voltmeter3.66 CADFree shipping5pcs Invisible Car Door Handle Films Scratch Protector Sticker Car Accessories3.92 CADFree shipping4× Clear Car Door Handle Film Protective Scratches Protector Sticker Accessories2.43 CADFree shippingBlack Auto Body Edge Elastic Net Storage Phone Holder Car Interior Accessories4.96 CADFree shipping4x Transparent Car Door Edge Guard Anti-Scratch Protector Stickers Accessories2.52 CADFree shippingStainless Steel Money Clip Silver Metal Pocket Holder Wallet Credit Card Holder2.87 CADFree shippingFunny Wifi Battery Level Signal Reflective Car Sticker Vinyl Decal Accessories1.96 CADFree shipping2pcs Limited Edition Logo Car 3D Sticker Emblem Badge Decal Trim Accessories2.08 CADFree shippingCarbon Fiber SPORT Logo Car Sticker Emblem Badge Bumper Trunk Decal Accessories3.16 CADFree shipping4pcs Red Reflective Tape Decal Warning Safety Mark Car Door Stickers Accessories1.95 CADFree shippingWe will carefully test every item before shipment.The quality is guaranteed!100% Brand New & High QualityType: Push Button FilmMaterial: TPUColor: ClearSize: as picture shownQuantity: 1PcWe acceptPayPal ONLY. It is easy              and safe.PayPal allows you to pay by credit  cards        debit       cards  bank transfers and PayPal account        balances.We    apologize    that we cannot accept other        payment methods like check or    postal    orders.E-check will        be held until    cleared.If you do    not have PayPal        account  please sign up    and learn more about PayPal at           www.paypal.com.Item will be    shipped to PayPal shipping          address  only except special notes from      buyers.Otherwise 
        Unpaid Item  dispute will be filed to    eBay   for non-paying  
buyers    and    this will cause  buyer's eBay   account         
suspended.Therefore    please be sure that    buyer will be       
able   to clear payment through PayPal   before   bidding or  buying.Item will be shipped within 1-3 working          
    days after full payment is received. You should receive item     
within   3-5 weeks. Email us if not receive        items after 30     
working days   after full payment        sent.To USA                                                                              7-15 business   daysTo Australia and  UK                                                    15-25 business    daysTo       Canada                                                                20-35       business   daysSouth America  Russia and    other   countries          25-40   business daysShipment
  may  influenced  by  the weather  /  custom /holidays and other   
uncertainties. If it is   delayed  the item   may reach some more days  
 later than the estimate   delivery date. But we   will try our best to 
  ensure the items reach   soon.Refund or replacement request is available only the requests within 1 week after parcel received & returning the item as the same condition as received.Please contact us to request a return authorization. Your name  auction number  and reason for return should be included in the email. All items returned must contain all original packaging materials.Please repack the item carefully. Items returned will be tested and a new replacement will be shipped to the buyer immediately when found defective. In the event that a suitable replacement is not available then a refund will be issued. Shipping  handling and insurance fees are non refundable.If the item is found non-defective  the item will be sent back to the buyer at buyer's expense. Items returned without RMA number will be refused and returned to the sender. Buyer is responsible for All Return Postage and Shipping Charges. Buyer is responsible for additional shipping costs for items that are returned refused and/or undeliverable. We do not accept any returns without an authorization number on the box or label it is being returned in.Our office hours are8:00 a.m to 5:00 p.m(GMT +8) ofMonday to Saturday.And our Office is closed on Sunday and public holidays.We apologize for the late reply during the holidays.<br>Stainless Steel Money Clip Silver Metal Pocket Holder Wallet Credit Card Holder2.87 CADFree shipping<br>Invisible Car Engine Ignition Start Stop Button Sticker Cover Film Accessories<br>Type: Push Button Film<br>Carbon Fiber SPORT Logo Car Sticker Emblem Badge Bumper Trunk Decal Accessories3.16 CADFree shipping<br>2.08 CAD<br>Size: as picture shown<br>4.96 CAD<br>4x Transparent Car Door Edge Guard Anti-Scratch Protector Stickers Accessories<br>Funny Wifi Battery Level Signal Reflective Car Sticker Vinyl Decal Accessories<br>2pcs Limited Edition Logo Car 3D Sticker Emblem Badge Decal Trim Accessories2.08 CADFree shipping<br>3.16 CAD<br>5pcs Invisible Car Door Handle Films Scratch Protector Sticker Car Accessories<br>Black Auto Body Edge Elastic Net Storage Phone Holder Car Interior Accessories4.96 CADFree shipping<br>2.64 CAD<br>Item will be shipped within 1-3 working          
    days after full payment is received. You should receive item     
within   3-5 weeks. Email us if not receive        items after 30     
working days   after full payment        sent.To USA                                                                              7-15 business   daysTo Australia and  UK                                                    15-25 business    daysTo       Canada                                                                20-35       business   daysSouth America  Russia and    other   countries          25-40   business daysShipment
  may  influenced  by  the weather  /  custom /holidays and other   
uncertainties. If it is   delayed  the item   may reach some more days  
 later than the estimate   delivery date. But we   will try our best to 
  ensure the items reach   soon.<br>1.95 CAD<br>Carbon Fiber SPORT Logo Car Sticker Emblem Badge Bumper Trunk Decal Accessories<br>4pcs Red Reflective Tape Decal Warning Safety Mark Car Door Stickers Accessories<br>2.87 CAD<br>PayPal ONLY<br>Dual USB Ports 3.1A 12V/24V Car Cigarette Charger Lighter Digital LED Voltmeter<br>Black Auto Body Edge Elastic Net Storage Phone Holder Car Interior Accessories<br>100% Brand New & High Quality<br>8:00 a.m to 5:00 p.m<br>3.92 CAD<br>We acceptPayPal ONLY. It is easy              and safe.PayPal allows you to pay by credit  cards        debit       cards  bank transfers and PayPal account        balances.We    apologize    that we cannot accept other        payment methods like check or    postal    orders.E-check will        be held until    cleared.If you do    not have PayPal        account  please sign up    and learn more about PayPal at           www.paypal.com.Item will be    shipped to PayPal shipping          address  only except special notes from      buyers.Otherwise 
        Unpaid Item  dispute will be filed to    eBay   for non-paying  
buyers    and    this will cause  buyer's eBay   account         
suspended.<br>Funny Sticker Peeking Red Eyes Monster Car Bumper Window Vinyl Decal Accessories<br>Dual USB Ports 3.1A 12V/24V Car Cigarette Charger Lighter Digital LED Voltmeter3.66 CADFree shipping<br>5pcs Invisible Car Door Handle Films Scratch Protector Sticker Car Accessories3.92 CADFree shipping<br>4pcs Red Reflective Tape Decal Warning Safety Mark Car Door Stickers Accessories1.95 CADFree shipping<br>3.66 CAD<br>Free shipping<br>2.35 CAD"
111674,simple,SKU-EN4NXG9T,https://www.ebay.com/itm/403627736607?hash=item5dfa167e1f:g:Cg8AAOSwasxiFHBz&amdata=enc%3AAQAIAAAAwHsPtHlLFsMc1JuRSzrW50is%2BtZsBhqbZPWFYs%2FpGfQWc8dFjXLEN184hbVBDDbR8ocEkhgRjiNG67v8DnFa0FbGZdGO3495xTlTfv%2BPRe04LTNytOxlIdCM%2Foc6%2F0YpU7BYvlWHJ9vgwUDZg8209q8nkeZFSesxsE27wwWqQflIDfTjfba6nhayP0ZOI9j5vVJDyDt3h6bSiWYpSnq2%2FF3m9rd%2BnGOhLl9%2BGOlgwBEpwOb7tUUVYti%2BvEon0%2FQeyg%3D%3D%7Ctkp%3ABk9SR5zyqsusYw,White Car Paint Repair Pen Scratch Remover Touch Up Pen Accessories,1,0,visible,2.84,"https://i.ebayimg.com/images/g/Cg8AAOSwasxiFHBz/s-l140.webp, https://i.ebayimg.com/images/g/4s4AAOSw65RlrceD/s-l140.webp, https://i.ebayimg.com/images/g/DOcAAOSw8NplLtwK/s-l140.webp, https://i.ebayimg.com/images/g/VX4AAOSw1TNiagsU/s-l140.webp, https://i.ebayimg.com/images/g/nNcAAOSww-5iFZQA/s-l140.webp, https://i.ebayimg.com/images/g/9nQAAOSw7s1iFHB2/s-l140.webp, https://i.ebayimg.com/thumbs/images/g/Cg8AAOSwasxiFHBz/s-l300.webp, https://i.ebayimg.com/thumbs/images/g/Cg8AAOSwasxiFHBz/s-l300.webp",taxable,1,6,car parts,1,Unbranded,white,,,"Easy Installation, Array","<br>3. The colors may have different as the difference display. Pleased understand  Thank!<br>12.21 USD<br>3.25 USD<br>Car Scratch Remover Repair Tool Polishing Wax Anti Scratch Kit Accessories 30ml5.19 USD<br>for iPhone Cellphone Magnetic Auto Car Air Vent Phone Holder Mount Stand3.48 USDFree shipping<br>4.69 USD<br>Notice:<br>8Pcs Car LED License Clearance Brake Reverse Light Lamp Accessories Universal<br>6.56 USD<br>screwed tightly onto covered to prevent evaporation.<br>We do apologise for any errors made and please let us know
so we can rectify it for you.Please also speak with us before you leave us Negative
Feedback we will our best to find a solution for you.<br>Anti Glare Sunshield Visor 7"" Car Interior GPS Navigation Sunshades Accessories<br>5  grinding: polishing wax  wipe the cloth  such as circle-like grinding.<br>It can help you to repair when your car be accidentally scratched.<br>6  the final confirmation: re-operation over and get better results  such as uneven paint surface after grinding.<br>1. Orders processed within 24-48 hours of payment verification.2. We only ship to confirmed ebay addresses. Your ebay address MUST MATCH your Shipping address.3. The images shown are not the actual item and are for your reference only.4.
 SERVICE TRANSIT TIME is provided by the carrier and excludes weekends 
and holidays. Transit times may vary  particularly during the holiday 
season.5. If you have not received your shipment within 30 days from
 payment  please contact us. We will track the shipment and get back to 
you as soon as possible with a reply. Our goal is customer satisfaction!<br>Name:Auto paint pen<br>As a seller  Positive Feedback as well as our customers are
very important to us. We want all our customers to be happy with their orders.We do apologise for any errors made and please let us know
so we can rectify it for you.Please also speak with us before you leave us Negative
Feedback we will our best to find a solution for you.<br>Universal 2pcs Car Mirror Rain Visor Guard Black Carbon Fiber Accessories18.64 USDFree shipping<br>2.99 USD<br>Mian ingredients:paints<br>2.73 USD<br>Magnetic Strip Shape Car Holder Stand For Moblie Phone Magnet Mount Accessories4.59 USDFree shipping<br>Water grinding: dry to be painted  the water lapping in the same 
direction with sandpaper prior soaked  the polished to the original car 
paint equality.<br>Car Repair Pen Aluminum Alloy Tire Wheel Paint Wheel Touch Up Pen Care<br>1x Car Paint Repair Pen Scratch Remover Touch Up Pen Accessories Silver<br>5.99 USD<br>can be repeated several times tu achieve the desired effect please use<br>Capacity:12ml<br>CREDIT CARD KNIFE Folding Card sharp Wallet Folding Pocket Micro Knives Gift2.37 USDFree shipping<br>Car Clock Luminous Stick-On Digital Watch Diamond Quartz Clock Accessories<br>Repeatediy<br>We do apologise for any errors made and please let us know
so we can rectify it for you.<br>2  Shake: Shake well before using products (shaking up and down about 40-50 times).<br>Agent HGKJ-3 Car Refurbished Trim Leather Plastic Care Maintenance Cleaner 20ml<br>Car Scratch Remover Repair Tool Polishing Wax Anti Scratch Kit Accessories 30ml5.19 USDCREDIT CARD KNIFE Folding Card sharp Wallet Folding Pocket Micro Knives Gift2.37 USDFree shippingWhite Car Paint Repair Pen Scratch Remover Touch Up Pen Accessories2.99 USDFree shipping1x Car Paint Repair Pen Scratch Remover Touch Up Pen Accessories Silver2.99 USDFree shippingMagnetic Strip Shape Car Holder Stand For Moblie Phone Magnet Mount Accessories4.59 USDFree shippingAnti Glare Sunshield Visor 7"" Car Interior GPS Navigation Sunshades Accessories7.32 USDCar Pocket Mini Quartz Analog Watch Stick On Clock For Boat Bike Accessories5.99 USDFree shippingFor Drone Strobe Light Emergency Flash Signal Lamp for RC Aircraft motorcycles2.73 USDFree shipping8Pcs Car LED License Clearance Brake Reverse Light Lamp Accessories Universal12.21 USDFree shippingCar Clock Luminous Stick-On Digital Watch Diamond Quartz Clock Accessories4.99 USDFree shippingCar Repair Pen Aluminum Alloy Tire Wheel Paint Wheel Touch Up Pen Care3.25 USDFree shippingUniversal 2pcs Car Mirror Rain Visor Guard Black Carbon Fiber Accessories18.64 USDFree shippingCar LED Circuit Tester 6-24V Test Light W/ Dual Probe Alligator Clip For Testing4.69 USDFree shippingfor iPhone Cellphone Magnetic Auto Car Air Vent Phone Holder Mount Stand3.48 USDFree shippingFeature：Brand new and high qualityIt can help you to repair when your car be accidentally scratched.Repairing yourself will save more money.Color: WhiteName:Auto paint penMian ingredients:paintsCapacity:12mlPackage Included: 1PcConversion:1 inch=25.4mm or 1mm=0.0393inchHow to use:Use the paint repair pen small scratches and corrosion recovery to 
more than 90% of the effect. (Reference only  the following processing 
steps apply to patch area is not large):1 Cleaning: Use soapy water or other supplies  scratches at the clean dry.2  Shake: Shake well before using products (shaking up and down about 40-50 times).  Painting: First  select the right scraping (zoned) marks the site
 of a pen filled  five minutes apart repeated smear  smear to the higher
 part of the original paint plane can.3  sandpaper: lacquered site dried after 2-3 days  during (machine 
washing Ban)  # 2000/3000 # sandpaper soaked in soapy water for 20-30 
minutes  so that it becomes soft.Water grinding: dry to be painted  the water lapping in the same 
direction with sandpaper prior soaked  the polished to the original car 
paint equality.4  confirm the grinding parts: observation with the naked eye 
grinding parts.Never use excessive force to avoid damage to the original
 paint.5  grinding: polishing wax  wipe the cloth  such as circle-like grinding.6  the final confirmation: re-operation over and get better results  such as uneven paint surface after grinding.7  waxing: with a polishing wax wipe dry cloth will polish wax 
clockwise smear to be wax about a minute after drying  can be wiped away
 with a towel or cloth clockwise.Tips: Be sure to shake the pen body until the nall sidibgt wewell-mixed paint.Use: Use before they scratch the surface of the water and oil removed if removal of rust with sandpaper.Repeatediyused both good shake with its nib pen or paintbrushes will be suitablecoating scratches the scratches deeper contrst only using this productcan be repeated several times tu achieve the desired effect please usescrewed tightly onto covered to prevent evaporation.Note: Away from children away from the fire source.Notsw-allowed do not place high temperatures above 45 ordirect sunlightNotice:1. Please allow 1-3mm error due to manual measurement.2. Please make sure you do not mind before you bid.3. The colors may have different as the difference display. Pleased understand  Thank!1. Payment must be made within 4 days of auction closing.2. TOTAL AMOUNT DUE includes the final auction price plus S&H(Shipping and
Handling).1. Orders processed within 24-48 hours of payment verification.2. We only ship to confirmed ebay addresses. Your ebay address MUST MATCH your Shipping address.3. The images shown are not the actual item and are for your reference only.4.
 SERVICE TRANSIT TIME is provided by the carrier and excludes weekends 
and holidays. Transit times may vary  particularly during the holiday 
season.5. If you have not received your shipment within 30 days from
 payment  please contact us. We will track the shipment and get back to 
you as soon as possible with a reply. Our goal is customer satisfaction!As a seller  Positive Feedback as well as our customers are
very important to us. We want all our customers to be happy with their orders.We do apologise for any errors made and please let us know
so we can rectify it for you.Please also speak with us before you leave us Negative
Feedback we will our best to find a solution for you.8Pcs Car LED License Clearance Brake Reverse Light Lamp Accessories Universal12.21 USDFree shippingCar Clock Luminous Stick-On Digital Watch Diamond Quartz Clock Accessories4.99 USDFree shippingCar Repair Pen Aluminum Alloy Tire Wheel Paint Wheel Touch Up Pen Care3.25 USDFree shippingUniversal 2pcs Car Mirror Rain Visor Guard Black Carbon Fiber Accessories18.64 USDFree shippingCar LED Circuit Tester 6-24V Test Light W/ Dual Probe Alligator Clip For Testing4.69 USDFree shippingfor iPhone Cellphone Magnetic Auto Car Air Vent Phone Holder Mount Stand3.48 USDFree shippingM14x1.5 Car Engine Magnetic Oil Drain Plug Screw Nuts Bolt Sump Nut Accessories6.56 USDFree shippingAgent HGKJ-3 Car Refurbished Trim Leather Plastic Care Maintenance Cleaner 20ml4.59 USDFree shipping<br>Use the paint repair pen small scratches and corrosion recovery to 
more than 90% of the effect. (Reference only  the following processing 
steps apply to patch area is not large):<br>Anti Glare Sunshield Visor 7"" Car Interior GPS Navigation Sunshades Accessories7.32 USD<br>For Drone Strobe Light Emergency Flash Signal Lamp for RC Aircraft motorcycles<br>  Painting: First  select the right scraping (zoned) marks the site
 of a pen filled  five minutes apart repeated smear  smear to the higher
 part of the original paint plane can.<br>4.59 USD<br>Car Clock Luminous Stick-On Digital Watch Diamond Quartz Clock Accessories4.99 USDFree shipping<br>for iPhone Cellphone Magnetic Auto Car Air Vent Phone Holder Mount Stand<br>Please also speak with us before you leave us Negative
Feedback we will our best to find a solution for you.<br>7.32 USD<br>Free shipping<br>Car LED Circuit Tester 6-24V Test Light W/ Dual Probe Alligator Clip For Testing<br>used both good shake with its nib pen or paintbrushes will be suitable<br>Note: Away from children away from the fire source.Notsw-allowed do not place high temperatures above 45 ordirect sunlight<br>Universal 2pcs Car Mirror Rain Visor Guard Black Carbon Fiber Accessories<br>3.48 USD<br>How to use:<br>5.19 USD<br>Conversion:1 inch=25.4mm or 1mm=0.0393inch<br>4.99 USD<br>Car Pocket Mini Quartz Analog Watch Stick On Clock For Boat Bike Accessories5.99 USDFree shipping<br>Car LED Circuit Tester 6-24V Test Light W/ Dual Probe Alligator Clip For Testing4.69 USDFree shipping<br>Magnetic Strip Shape Car Holder Stand For Moblie Phone Magnet Mount Accessories<br>Feature：Brand new and high qualityIt can help you to repair when your car be accidentally scratched.Repairing yourself will save more money.Color: WhiteName:Auto paint penMian ingredients:paintsCapacity:12mlPackage Included: 1PcConversion:1 inch=25.4mm or 1mm=0.0393inchHow to use:Use the paint repair pen small scratches and corrosion recovery to 
more than 90% of the effect. (Reference only  the following processing 
steps apply to patch area is not large):1 Cleaning: Use soapy water or other supplies  scratches at the clean dry.2  Shake: Shake well before using products (shaking up and down about 40-50 times).  Painting: First  select the right scraping (zoned) marks the site
 of a pen filled  five minutes apart repeated smear  smear to the higher
 part of the original paint plane can.3  sandpaper: lacquered site dried after 2-3 days  during (machine 
washing Ban)  # 2000/3000 # sandpaper soaked in soapy water for 20-30 
minutes  so that it becomes soft.Water grinding: dry to be painted  the water lapping in the same 
direction with sandpaper prior soaked  the polished to the original car 
paint equality.4  confirm the grinding parts: observation with the naked eye 
grinding parts.Never use excessive force to avoid damage to the original
 paint.5  grinding: polishing wax  wipe the cloth  such as circle-like grinding.6  the final confirmation: re-operation over and get better results  such as uneven paint surface after grinding.7  waxing: with a polishing wax wipe dry cloth will polish wax 
clockwise smear to be wax about a minute after drying  can be wiped away
 with a towel or cloth clockwise.Tips: Be sure to shake the pen body until the nall sidibgt wewell-mixed paint.Use: Use before they scratch the surface of the water and oil removed if removal of rust with sandpaper.Repeatediyused both good shake with its nib pen or paintbrushes will be suitablecoating scratches the scratches deeper contrst only using this productcan be repeated several times tu achieve the desired effect please usescrewed tightly onto covered to prevent evaporation.Note: Away from children away from the fire source.Notsw-allowed do not place high temperatures above 45 ordirect sunlightNotice:1. Please allow 1-3mm error due to manual measurement.2. Please make sure you do not mind before you bid.3. The colors may have different as the difference display. Pleased understand  Thank!<br>1 Cleaning: Use soapy water or other supplies  scratches at the clean dry.<br>Feature：<br>2.37 USD<br>Brand new and high quality<br>White Car Paint Repair Pen Scratch Remover Touch Up Pen Accessories2.99 USDFree shipping<br>4  confirm the grinding parts: observation with the naked eye 
grinding parts.Never use excessive force to avoid damage to the original
 paint.<br>1. Payment must be made within 4 days of auction closing.2. TOTAL AMOUNT DUE includes the final auction price plus S&H(Shipping and
Handling).<br>For Drone Strobe Light Emergency Flash Signal Lamp for RC Aircraft motorcycles2.73 USDFree shipping<br>Tips: Be sure to shake the pen body until the nall sidibgt wewell-mixed paint.<br>coating scratches the scratches deeper contrst only using this product<br>Package Included: 1Pc<br>18.64 USD<br>Car Pocket Mini Quartz Analog Watch Stick On Clock For Boat Bike Accessories<br>Color: White<br>Car Scratch Remover Repair Tool Polishing Wax Anti Scratch Kit Accessories 30ml<br>1x Car Paint Repair Pen Scratch Remover Touch Up Pen Accessories Silver2.99 USDFree shipping<br>Agent HGKJ-3 Car Refurbished Trim Leather Plastic Care Maintenance Cleaner 20ml4.59 USDFree shipping<br>As a seller  Positive Feedback as well as our customers are
very important to us. We want all our customers to be happy with their orders.<br>3  sandpaper: lacquered site dried after 2-3 days  during (machine 
washing Ban)  # 2000/3000 # sandpaper soaked in soapy water for 20-30 
minutes  so that it becomes soft.<br>Use: Use before they scratch the surface of the water and oil removed if removal of rust with sandpaper.<br>2. Please make sure you do not mind before you bid.<br>M14x1.5 Car Engine Magnetic Oil Drain Plug Screw Nuts Bolt Sump Nut Accessories6.56 USDFree shipping<br>7  waxing: with a polishing wax wipe dry cloth will polish wax 
clockwise smear to be wax about a minute after drying  can be wiped away
 with a towel or cloth clockwise.<br>M14x1.5 Car Engine Magnetic Oil Drain Plug Screw Nuts Bolt Sump Nut Accessories<br>CREDIT CARD KNIFE Folding Card sharp Wallet Folding Pocket Micro Knives Gift<br>White Car Paint Repair Pen Scratch Remover Touch Up Pen Accessories<br>Car Repair Pen Aluminum Alloy Tire Wheel Paint Wheel Touch Up Pen Care3.25 USDFree shipping<br>1. Please allow 1-3mm error due to manual measurement.<br>8Pcs Car LED License Clearance Brake Reverse Light Lamp Accessories Universal12.21 USDFree shipping<br>Repairing yourself will save more money.<br>8Pcs Car LED License Clearance Brake Reverse Light Lamp Accessories Universal12.21 USDFree shippingCar Clock Luminous Stick-On Digital Watch Diamond Quartz Clock Accessories4.99 USDFree shippingCar Repair Pen Aluminum Alloy Tire Wheel Paint Wheel Touch Up Pen Care3.25 USDFree shippingUniversal 2pcs Car Mirror Rain Visor Guard Black Carbon Fiber Accessories18.64 USDFree shippingCar LED Circuit Tester 6-24V Test Light W/ Dual Probe Alligator Clip For Testing4.69 USDFree shippingfor iPhone Cellphone Magnetic Auto Car Air Vent Phone Holder Mount Stand3.48 USDFree shippingM14x1.5 Car Engine Magnetic Oil Drain Plug Screw Nuts Bolt Sump Nut Accessories6.56 USDFree shippingAgent HGKJ-3 Car Refurbished Trim Leather Plastic Care Maintenance Cleaner 20ml4.59 USDFree shipping"
226773,simple,SKU-HDC3RHV1,https://www.ebay.com/itm/404654291043?hash=item5e37467863:g:dgAAAOSwZ9tlaR-k&amdata=enc%3AAQAIAAAAwGIjiAOcCE%2FgWW4hEcoQsBSwG0fw3b67AyEA1yTE4pGKKXh1odUeMS3tvs%2FeOdEO16IKM7%2BpG4a0IfWHieSxXh8%2BxNKSx%2BRgaJL1FntYK971l60JE4h%2BBzT4owLxT9wlILkO3g%2BiJ%2Ff1eIWLpQDO8WwlSn%2BHSOaFhHStljmjJl1SvL6VtQvoK7qdFcjHpnpPNyThcVAQ0oy7l5uYjL3LfhW02g1x612ZTD03EQEcZwpIiP2sA2TmsQIVZINlONfPPg%3D%3D%7Ctkp%3ABk9SR5zyqsusYw,2X Rear View Mirror Rain Board Eyebrow Guard Sun Visor Car Accessories for Honda,1,0,visible,12.99,"https://i.ebayimg.com/images/g/dgAAAOSwZ9tlaR-k/s-l140.webp, https://i.ebayimg.com/images/g/DOcAAOSw8NplLtwK/s-l140.webp, https://i.ebayimg.com/images/g/JwMAAOSwDDNlaR-r/s-l140.webp, https://i.ebayimg.com/images/g/SwgAAOSwOKRlaR-v/s-l140.webp, https://i.ebayimg.com/images/g/gZEAAOSwTC9laR-z/s-l140.webp, https://i.ebayimg.com/images/g/Dt8AAOSwY5RlaR-0/s-l140.webp, https://i.ebayimg.com/thumbs/images/g/dgAAAOSwZ9tlaR-k/s-l300.webp, https://i.ebayimg.com/thumbs/images/g/dgAAAOSwZ9tlaR-k/s-l300.webp",taxable,1,29,car parts,1,Unbranded,Black,,,"Easy Installation, Self-Adhesive, Waterproof",<br>Installation Method:<br>3.Prior to installation  clean surface with alcohol and a dry cloth.<br>6.Please do not get water within 48 hours after installation.<br>Material: Silicone<br>2.In cold weather  if necessary  heat the shield using a hair drier(or other heat source) to make the plastic soft for easy Installation.<br>5.Press firmly to ensure a good grip of the adhesive.<br>4.Remove the protective film from the adhesive and apply to the wanted position.<br>This product is soft and bendable. If it is bent and deformed during transportation  you can use a hair dryer to heat it properly  and then twist it back by yourself.<br>1 pair Rearview Mirror Rain Eyebrow<br>Features:Easy installing  without any tools. automotive adhesive tape is attached.<br>Package Included:<br>Do not reposition it for pasting to ensure its stickiness.<br>Quantity:This pack contains 1 piece left and 1 piece right.<br>1.This rain shield must be installed in the gap between the frame and mirror glass.<br>Note:Due to the different light  maybe the photos of description will be differential with the real colors.<br>Dimensions:about 17.7 x 4.2CM<br>Color:as picture<br>Purpose: decorative protect rearview panel  prevent rain
794705,simple,SKU-SQDIPCW4,https://www.ebay.com/itm/373234160223?hash=item56e67d525f:g:buIAAOSw789fbXK~&amdata=enc%3AAQAIAAAA4LAUcQ7oii1%2Ffjb4BEW%2BPBfNyYrOgyXBOnLa6Gk3brF1etER6YihKeCNpgZ0rRqtvaOpcsx2l4RhEA5WFLY8Hm3%2BeHPuR%2B1rfZpZEXcc8b8b9hZnO0XQqTgOcv4jkFUbRergFklMotUC3WZJPVwG7HHp%2F62ti3gXjPXom4l1nVY4ZwYC2o9Sox5BYOrlmNlDG6etBU1mRVxpdoBQjj5qaO8bPrksR16O1kI96S29FY3CDLQbK8%2FbQ18M7peRrDY0sKIv4CPe3Bu1L445XqjBaiW11WcIlAk7FW%2BM5%2FQGsFxH%7Ctkp%3ABk9SR5zyqsusYw,[RED] Non-Slip Automatic Gas Brake Foot Pedal Pad Cover Car Accessories Parts,1,0,visible,11.99,"https://i.ebayimg.com/images/g/buIAAOSw789fbXK~/s-l140.webp, https://i.ebayimg.com/images/g/DOcAAOSw8NplLtwK/s-l140.webp, https://i.ebayimg.com/images/g/e4AAAOSw6bRfbXLA/s-l140.webp, https://i.ebayimg.com/images/g/qowAAOSwAadfbXLA/s-l140.webp, https://i.ebayimg.com/images/g/YLkAAOSwoAZfbXLB/s-l140.webp, https://i.ebayimg.com/images/g/n1kAAOSw5hJfbXLC/s-l140.webp, https://i.ebayimg.com/thumbs/images/g/buIAAOSw789fbXK~/s-l300.webp, https://i.ebayimg.com/thumbs/images/g/buIAAOSw789fbXK~/s-l300.webp",taxable,1,43,car parts,1,AXILAM,RED,,,,"<br>You do not receive the item<br>Which bulbs are used in my vehicle?<br>Flickering Issue: This happens when your vehicle does not recognize the new headlights installed. When turning the headlights on  the vehicle's computer does not understand the signal back from the headlights hence thinking they are still off. This triggers the headlight flickering effect. The warning canceller solves this issue.<br>Compared with HID bulbs  LED bulbs Light up instantly  no warm up period<br>If you have problems with the above issue  please Contact Us immediately !<br>Sylvania automotive lamp replacemnt guide<br>Feature:<br>Item can not reach your expectation<br>You do not satisfy the item qualityItem do not fit your vehicle perfectItem can not reach your expectationThe item arrived be brokenYou do not receive the itemParcel LostReceive the wrong itemIf you have problems with the above issue  please Contact Us immediately !<br>(1) We will ship your item(s) within 24 hours.<br>Feature:100% Brand New and High QualityNon-slip surface design  safe for driving and reduce foot fatigueBest fitting  Easy to install. No modification requiredMaterial: Aluminium alloy + PVCPacking with installation is behind  fixed way for screw.Seven words clip attached to the original of the pedal car fixed  need not drilling  convenient installation  most models applicableMake you more easily manipulated to pedal  increase the contact area pedal  for driving adds a comfortable safety car more easilyHigh toughness pedal in middle  lateral high elastic tape set prevent slippery  can strengthen the foot pedal and the friction coefficient  prevent slippery effect super good  arc curvature design  to ensure safety<br>You do not satisfy the item quality<br>If you have emailed us for a refund  once we have approved it  after 60 days your money will be refunded. The estimated time for the refund to appear in your account is based on the payment method you use. Paypal is the only supported in NIGHTEYE Store. Please notify us within 30 days after you've received your purchased item.<br>NOTE:Buyers pay for the return shipping fee.<br>(2).We maintain high standards of excellenceandstrive for 100% customer satisfaction!Feedback is very important to us. We request that you contact us immediately BEFORE you give us neutralor negativefeedback  so that we can satisfactorily address your concerns.<br>Why swith to LED?<br>Bulb Out Dashboard Error: On some vehicles  the dashboard will report as if you have a headlight bulb missing or burnt. It does not affect the headlights functioning  but the light on-dash will be on. The warning canceller fixes the issue.<br>On Jul 31  2022 at 20:06:31 PDT  seller added the following information:<br>1x Set Car Foot Pedal(2 Pcs)<br>(3).Payment should be made within 4 days once you won a item  or ebay will launch Unpaid Reminder agaist you and there will be bad record on your ebay account .<br>Brake Cover Size:130x85mm / 5.1x3.4""<br>The item arrived be broken<br>Longer lifespan than HID and halogen bulbs<br>Some vehicles with cmplex internal computers(such as Audi BMW Jaguar Mercedes etc.) might report on-dash errors or flickering on the headlights. The warning canceller fixes the dashboard warning and flickering effect.<br>(2) We ship this item to US only via USPS first class mail. It usually takes 3-6 working days to deliver.<br>(1).We only acceptPayPalpayment  should be received within 3 days from the date of purchase.<br>Very low and efficient energy consumption than halogen bulbs & HID Bulbs<br>CheckSylvania automotive lamp replacemnt guide  you can select the year  make  and model of your vehicle  then select the application you want to replace or upgrade from stock.<br>Specification<br>Package included：<br>Items to be returned must be in resalable condition  for example:<br>(1).Negative feedback will not help resolve any problems you have  please contact us via eBay messages before leaving negative feedback  our customer service will make best effort to help you with the issues.<br>Light can be controlled easily in color and intensity<br>Low voltage protection  high precision constant current driver chip<br>Feature:100% Brand New and High QualityNon-slip surface design  safe for driving and reduce foot fatigueBest fitting  Easy to install. No modification requiredMaterial: Aluminium alloy + PVCPacking with installation is behind  fixed way for screw.Seven words clip attached to the original of the pedal car fixed  need not drilling  convenient installation  most models applicableMake you more easily manipulated to pedal  increase the contact area pedal  for driving adds a comfortable safety car more easilyHigh toughness pedal in middle  lateral high elastic tape set prevent slippery  can strengthen the foot pedal and the friction coefficient  prevent slippery effect super good  arc curvature design  to ensure safetySpecificationType:Throttle Pedal and Brak...<br>SpecificationType:Throttle Pedal and Brake PedalMaterial:Aluminum alloy + PVCColor:redAccelerator Cover Size:150x80mm / 5.9x3.2""<br>Parcel Lost<br>[Our office hours are MONDAY - Saturday 9:00PM - 6:00PM PST  but we will response you once we get your message .There will be some delay on respons if you send message or E-Mail on Sundy.]<br>All return requests must be submitted through your eBay account.<br>How Long Will It Take to Receive My Refund?<br>What does CAN Bus mean?<br>Easy to install a LED headlight conversion kit<br>Feature:100% Brand New and High QualityNon-slip surface design  safe for driving and reduce foot fatigueBest fitting  Easy to install. No modification requiredMaterial: Aluminium alloy + PVCPacking with installation is behind  fixed way for screw.Seven words clip attached to the original of the pedal car fixed  need not drilling  convenient installation  most models applicableMake you more easily manipulated to pedal  increase the contact area pedal  for driving adds a comfortable safety car more easilyHigh toughness pedal in middle  lateral high elastic tape set prevent slippery  can strengthen the foot pedal and the friction coefficient  prevent slippery effect super good  arc curvature design  to ensure safetySpecificationType:Throttle Pedal and Brake PedalMaterial:Aluminum alloy + PVCColor:redAccelerator Cover Size:150x80mm / 5.9x3.2""Brake Cover Size:130x85mm / 5.1x3.4""Package included：1x Set Car Foot Pedal(2 Pcs)<br>Receive the wrong item<br>Item do not fit your vehicle perfect<br>LEDs not only give your vehicle a clean  modern look but  with proper use  will outlast any halogen bulb and HID bulb! Low energy draw  high lumen output  and instant on/off LED technology out shines stock bulbs in every way.<br>NOTE:<br>LED Advantages:<br>(2).Please keep the consistency of Paypal address and ebay address.<br>CAN Bus means Controller Area Network Bus. This system monitors your vehicle and reports operating conditions. CAN Bus systems are commonly found in European vehicles such as BMW  Audi  Mercedes  Volkswagen  Porsche  and in many American vehicles. While most late model American vehicles have CAN Bus systems  it is always good to check with your vehicle dealer to see which system your vehicle has before purchasing electrical products.<br>PayPal<br>When do you need Warning Canceller?"
7629,simple,SKU-OWA63PTK,https://www.ebay.com/itm/395107517245?hash=item5bfe3e433d:g:0GAAAOSwrDtlUvHf&amdata=enc%3AAQAIAAAAwD1%2BzZ8WI%2BFwJfpyblD1fXgvK6fybFsP%2BkZdyR5dNOfXR1HWr18m5mSHnRrN0KPZtCQr%2Bku%2FdpvNfJGnYzKcO1zQu4Nh%2FKlZYJrXwbCqmqHnbSsU2xhDxX50utkJYzHS%2F%2B%2F8y5PSwkaxLkCWExReH2aARiDwevWarwLtCgrG501S5QUcecJnQbH2HmzTtfJmTipxeOgiFuMkrsy1Jq%2FCnUK%2FsX4AcbkYEl9euyhsPnlURzaKsk7IaiEQMz3SlcHEBQ%3D%3D%7Ctkp%3ABk9SR5zyqsusYw,4Pcs Car Door Plate Sill Scuff Cover Anti Scratch Decal Sticker for Toyota,1,0,visible,12.79,"https://i.ebayimg.com/images/g/0GAAAOSwrDtlUvHf/s-l140.jpg, https://i.ebayimg.com/images/g/DOcAAOSw8NplLtwK/s-l140.jpg, https://i.ebayimg.com/images/g/WIUAAOSwL9tlUvHg/s-l140.jpg, https://i.ebayimg.com/images/g/pM8AAOSwZ4llUvHe/s-l140.jpg, https://i.ebayimg.com/images/g/xtwAAOSwptVlUvHe/s-l140.jpg, https://i.ebayimg.com/images/g/HmYAAOSwtkRlUvHf/s-l140.jpg, https://i.ebayimg.com/thumbs/images/g/0GAAAOSwrDtlUvHf/s-l300.webp, https://i.ebayimg.com/thumbs/images/g/0GAAAOSwrDtlUvHf/s-l300.webp",taxable,1,35,car parts,1,Unbranded,Black,,,"Easy Installation, Waterproof","<br>Feature<br>Specification<br>Easy to Install - just peel-n-stick. speical adhesive  no damage to your vehicle.<br>-4pcs Car door sill plate<br>Color: Carbon Fiber<br>Type: Car Door Threshold Sill Sticker<br>Package included:<br>Size(approx.):<br>L: 60cmx7cm=23.6""x2.7"";<br>Flexible design - you can also cut it to your customizable size to fit your cars.<br>Protective - Prevent scratches and scuffs  and waterproof  non-slip  anti-wear.<br>Material: 3D carbon fiber (NOT real carbon fiber)<br>Attachment Method: Self-adhesive<br>S: 40cmx7cm=15.7""x2.7""<br>Eye-catching look - 3D carbon fiber texture + logo image on it  provide the most dramatic effect  make your car look dazzling."
734146,simple,SKU-5EIPN68S,https://www.ebay.com/itm/395041405779?hash=item5bfa4d7b53:g:ZowAAOSwfeBlbb0l&amdata=enc%3AAQAIAAAA4OotwAJhCWYW1Swhdc%2BcWUkiHnLIfmR9Ay8gUxq8qKgvqhb3qIl0ntnG7IofvGho6txiW3a%2FtnBBRJPJ2RsdvMGPQwaWm99GkzfUv1mCAcJn5tEo7j1bnwkquD32C4pwFW22xpyBlFGcfm4K4%2Bw7uRKhBEJs0ZTnyt%2ByOvSRBUUfoLxJPTrxilD2rZBc3MtPWCfLFknQJf%2BMq%2B2eqeb4HAy4R8%2BKt4Yqc61c7dBrKuCXmO4%2FlrCLLitwtcSRWIb%2BhqwXz2VhkE2B%2BXl%2FZ0kiupHuBpYeMVrpzR9RvextOJ3k%7Ctkp%3ABk9SR5zyqsusYw,New Leather Key Case Bag Remote Key Fob Cover Keychain for Honda Car Accessories,1,0,visible,13.99,"https://i.ebayimg.com/images/g/ZowAAOSwfeBlbb0l/s-l140.jpg, https://i.ebayimg.com/images/g/DOcAAOSw8NplLtwK/s-l140.jpg, https://i.ebayimg.com/images/g/0~gAAOSwBGllbb0o/s-l140.jpg, https://i.ebayimg.com/images/g/7Z0AAOSwlv1lbb0s/s-l140.jpg, https://i.ebayimg.com/images/g/bUkAAOSwLB5lbb00/s-l140.jpg, https://i.ebayimg.com/images/g/ow0AAOSwlv5lbb02/s-l140.jpg, https://i.ebayimg.com/thumbs/images/g/ZowAAOSwfeBlbb0l/s-l300.webp, https://i.ebayimg.com/thumbs/images/g/ZowAAOSwfeBlbb0l/s-l300.webp",taxable,1,16,car parts,1,Unbranded,Clear,,,"Easy Installation, Waterproof",<br>Color: black  brown<br>Features: Choose high quality textured cowhide. Rugged and zippered to prevent key loss<br>Leave a note for the color you want.<br>Size: 9.5 * 5.5CM (without buckle)<br>Package included:<br>1x Car key case<br>Name: leather key case
